{"Brownian_drift":[[0.06438859902089679,0.06727004941419128,0.06790830383707928,0.06796628506289017,0.06797305244185103,0.06797362538518728,0.06797368043369298,0.06797368316487198,0.06797368462259044,0.0679736847302051,0.06797368541198227],[0.07183811277201471,0.06859516938236372,0.06804044820680788,0.0679814406193798,0.06797437152006369,0.06797375519037124,0.06797369146887787,0.06797368752448767,0.06797368631771279,0.06797368629143669,0.0679736857080179],[0.007449513751117923,0.0013251199681724446,0.00013214436972859567,1.5155556489634958e-5,1.319078212658198e-6,1.2980518396266127e-7,1.1035184890872962e-8,4.359615682347773e-9,1.6951223480443645e-9,1.561231588453893e-9,2.96035626567992e-10]],"Brownian":[[0.0659179686754507,0.06591796842058863,0.06591796822811424,0.06591796824319979,0.06591796858335786,0.06591796782367887,0.06591796824382386,0.06591796848443983,0.06591796793677013,0.06591796833656917,0.06591796867116549],[0.06591796983417117,0.06591796891217462,0.06591796903939186,0.065917969052906,0.06591796879576106,0.06591796914737097,0.06591796919418011,0.06591796891651719,0.06591796932945995,0.06591796948022657,0.06591797022312984],[1.1587204667984352e-9,4.915859941334588e-10,8.112776145319245e-10,8.097062187406578e-10,2.1240320613458152e-10,1.3236921003745294e-9,9.5035625202744e-10,4.3207736000194785e-10,1.3926898245752994e-9,1.143657404889531e-9,1.5519643487005297e-9]],"Bessel":[[0.034047132728153635,0.039036840383991925,0.04007132713959542,0.040418269206773896,0.04048625956636597,0.04052038800336881,0.040528403861920435,0.040532320330622276,0.04053337305892433,0.04053388848598551,0.04053402504476188],[0.045881281113015676,0.04186144934240449,0.04089876093361844,0.04062900190756568,0.040572020752772525,0.04054551959799184,0.04053896334980578,0.04053570909186,0.040534836085926756,0.04053437914814476,0.040534253388723664],[0.01183414838486204,0.002824608958412564,0.0008274337940230164,0.0002107327007917839,8.576118640655356e-5,2.5131594623029052e-5,1.05594878853435e-5,3.388761237725635e-6,1.46302700242823e-6,4.906621592498661e-7,2.2834396178061933e-7]]}